id,vince,gregmat,magoosh,manhattan,prep_scholar,powerscore,greenlight_basic,greenlight_advanced
1,abase,abate,aberrant,abase,abate,abdicate,abash,abjure
2,abashed,abet,aberration,abate,aberrant,aberrant,abate,abrogate
3,abate,abhor,abjure,abdicate,abjure,abeyance,aberrant,abscission
4,aberration,abjure,aboveboard,aberrant,abscond,abjure,abject,acarpous
5,abeyance,abound,abrogate,abeyance,abstain,abstemious,abrasive,accession
6,abhors,abreast,abstain,abhor,acumen,abstruse,abscond,accolade
7,abject,abstain,abstruse,abjure,admonish,accretion,abstain,accretion
8,abnegate,accentuate,abysmal,abrasive,adulterate,acerbic,abysmal,acerbic
9,abomination,accessible,accolade,abreast,advocate,acidulous,acquiesce,acumen
10,aboriginal,acclaim,acerbic,abridge,aesthetic,acme,acrid,adroit
11,abort,acolyte,acme,abscission,affectation,acumen,adherent,adulation
12,abound,acquiesce,acrimony,abscond,aggrandize,adroit,admonish,adumbrate
13,abrasive,acquisitive,adamant,abstain,alacrity,aerie,adulterate,advent
14,abridge,acrimonious,adjudicate,abyss,alleviate,aesthetic,adversity,affective
15,abrogate,acumen,admonish,accede,amalgamate,affable,advocate,agape
16,abscission,admonish,admonitory,accretion,ambiguous,affected,aesthetic,agglutination
17,absolute,adroit,advocate,acerbic,ambivalent,aggrandize,affable,aggrandize
18,absolve,adulterate,aesthete,acidulous,ameliorate,alacrity,affectation,alacrity
19,abstemious,advocate,aesthetic,acme,amenable,alchemy,aggravate,alloy
20,abstruse,aesthetic,affable,activism,anachronism,amalgamation,aggregate,amity
21,abysmal,affectation,affluent,acumen,analogous,ameliorate,aghast,anachronistic
22,accede,affinity,afford,adhere,anoint,amenable,alchemy,anathema
23,accolade,aggrandize,alacrity,admonish,anomaly,amiable,allege,anodyne
24,accretion,alacrity,altruism,adulterate,antipathy,amortize,allusion,apex
25,accumulate,alienate,amalgam,adumbrate,antithetical,amulet,amalgamate,apocryphal
26,acerbic,alleviate,ambiguous,adverse,apathy,anachronistic,ambience,apogee
27,acidulous,allusive,ambivalent,advocate,appease,analgesic,ambiguous,apostate
28,acme,aloof,ameliorate,aerie,arbitrary,anodyne,ameliorate,apotheosis
29,acquisitive,altruistic,amenable,aesthetic,arcane,anthropocentrism,amenable,apposite
30,acrimonious,amalgamate,amiable,affable,archaic,antipathy,amiable,approbation
31,acumen,ambivalent,amorphous,affectation,arduous,apathy,amorous,appropriate
32,adamant,ameliorate,amply,aggrandize,articulate,apocryphal,amorphous,arabesque
33,adept,amenable,amuck,aggregate,artless,apostate,amortize,arrant
34,adequate,amend,anachronism,alacrity,ascetic,approbation,anarchy,artless
35,adhere,amorphous,analogous,albeit,assuage,archaic,ancillary,ascetic
36,admonished,anachronistic,anathema,alienate,astonishment,ardor,androgynous,asperity
37,adorned,analogous,anemic,alleviate,audacious,arrogate,anesthetic,aspersion
38,adroit,animus,animosity,aloof,austere,ascertain,animosity,assay
39,adulation,anoint,anodyne,amalgamate,avarice,ascetic,anomalous,asseverate
40,adulterate,anomalous,anomalous,ambiguous,aver,assail,anomaly,assiduous
41,adversary,antedate,anomaly,ambivalent,banal,assiduous,antecedent,astringent
42,advocate,antipathy,antedated,ameliorate,belie,assuage,anthology,attenuate
43,aegis,antithesis,antic,amortize,benign,attenuate,antipathy,attrition
44,aesthetic,apathy,antipathy,anachronism,biased,audacious,antithesis,augury
45,affable,apologist,antiquated,analgesia,bolster,augment,apprise,august
46,affectation,appease,antithetical,analogous,bombastic,augury,approbation,auspice
47,affiliated,approbation,apathetic,anarchy,brazen,august,arbitrary,auspicious
48,affront,apropos,apathy,annul,bucolic,auspicious,arcane,avarice
49,aggrandized,apt,apex,anodyne,burgeon,austere,archaic,axiomatic
50,aghast,arbitrary,aphorism,anoint,cacophony,autonomy,archetype,baleful
51,alacrity,arcane,aphoristic,anomaly,calumny,avarice,ardent,banal
52,algorithm,archaic,aplomb,antagonize,candid,avuncular,ardor,bane
53,alleviate,arduous,apocryphal,antedate,canon,axiom,arduous,beatify
54,allusion,arresting,apogee,antithetical,capacity,banal,arrest,bedizen
55,altruistic,artless,apostate,apathy,capricious,belfry,articulate,beget
56,amalgamate,ascertain,apothegm,apocryphal,castigate,benevolent,assimilate,bent
57,ambiguity,ascetic,apotheosis,apostate,catalyst,bevy,assuage,bilge
58,ambivalence,ascribe,appease,apostle,caustic,bifurcate,astute,blandish
59,ameliorated,assail,appreciable,apposite,censure,bilk,audacious,blithe
60,amenable,assertive,apprehension,apprise,chauvinist,blight,augment,brook
61,amicable,assuage,approbatory,approbation,chicanery,blithe,austere,byzantine
62,amortize,astringent,appropriate,appropriate,chronological,bombast,authoritarian,cabal
63,ample,astute,appurtenant,arbiter,coalesce,bonhomie,aver,cachinnate
64,anachronism,attenuate,arbitrary,arcane,cogent,boor,aversion,cacophony
65,analogue,audacious,arcane,archaic,commensurate,bromide,avid,cadge
66,anathema,augment,arch,ardent,compelling,bucolic,avow,cajole
67,anile,austere,archaic,arduous,comprehensive,burgeon,bedlam,calumniate
68,animosity,avaricious,arduous,arrogate,condone,burnish,belabor,calumny
69,annotation,aversion,arrant,articulate,confound,byzantine,beleaguer,canard
70,annul,banal,arriviste,artifact,connoisseur,cabal,belie,canon
71,anodyne,banish,arrogate,artless,consequential,cacophony,bellicose,canonical
72,anomaly,baroque,artful,ascertain,construe,cajole,belligerent,caparison
73,antedate,base,artifice,ascetic,consumption,callous,beneficent,capitulate
74,antediluvian,befuddled,artless,ascribe,contend,calumny,benign,captious
75,antipode,belie,artlessness,aseptic,contentious,canard,bent,caret
76,antithesis,belligerent,ascendancy,asperity,contrite,canonical,bereave,caterwauling
77,apace,beneficent,ascetic,aspersions,convoluted,cantankerous,boisterous,cavil
78,apartheid,benevolent,ascribe,assail,copious,capricious,bolster,celerity
79,aplomb,benign,askance,assiduous,cosmopolitan,cartographer,bombast,chagrin
80,apocryphal,berate,asperity,assuage,covet,castigate,brevity,chasten
81,apoplectic,betray,assail,attenuate,craft,cataclysm,broach,chicanery
82,apostle,blithe,assiduously,attuned,craven,cathartic,buff,chide
83,apothegm,bogus,assuage,audacious,credence,catholic,burgeon,chimera
84,apotheosis,boisterous,atavism,augment,credulous,caustic,burnish,choleric
85,appease,bolster,attenuate,augury,decorum,cavalier,buttress,churlish
86,apportion,boorish,audacious,august,deference,censure,candor,cleave
87,apposite,brazen,audacity,austere,deflect,charlatan,capricious,coda
88,approbation,bridle,augment,autonomous,deftness,chary,cardinal,coeval
89,apropos,brook,auspicious,avarice,delineate,chicanery,castigation,collusion
90,arbitrary,bucolic,austere,aver,demur,churlish,catalyst,comely
91,arcane,buoyant,autocratic,avid,denigrate,circumlocution,caustic,conflate
92,arch,burgeon,autonomously,axiom,deride,circumscribed,cavalier,consonant
93,archaic,buttress,avarice,balk,derivative,circumspect,censure,consummate
94,arduous,byzantine,avaricious,balloon,desiccate,clandestine,centrifuge,contemn
95,arid,cacophonous,avert,banal,desultory,cloying,chauvinist,contumacious
96,arrogate,calumny,avid,bane,detachment,coalesce,circumspect,coterie
97,articulate,candid,badger,base,determinant,coffer,coalesce,coterminous
98,artifice,canny,baleful,baying,diatribe,cogent,coercive,countenance
99,artless,canonize,balk,belie,didactic,collusion,cogent,cozen
100,ascendancy,capricious,banal,beneficent,diffident,conciliate,cognizant,craven
101,ascetic,castigate,banality,benign,dilettante,concomitant,color,cupidity
102,ashen,cataclysmic,banish,bent,dirge,conflagration,commensurate,decorous
103,askew,caustic,base,besiege,disabuse,conspicuous,complaisance,defalcate
104,asperity,cavalier,bastardization,bevy,discern,consummate,complement,demagogue
105,aspersion,censure,beatific,bifurcate,discrepancy,contrite,compliant,demur
106,aspiration,cerebral,becoming,bilk,disinterested,contumacious,conciliatory,denouement
107,assail,chastise,beg,blight,disparage,convoluted,condemn,deposition
108,assiduous,chauvinistic,begrudge,blithe,disparate,corpulent,condolence,deprecate
109,assuage,cherish,behooves,bogus,dispassionate,corroborate,condone,depredate
110,astray,chicanery,belie,bolster,disregard,cosset,connoisseur,descant
111,astute,chivalrous,belittle,bombastic,dissemble,coterie,conspicuous,descry
112,attenuate,churlish,bellicose,bonhomie,disseminate,craven,conspire,desiccate
113,audacious,circumscribe,belligerent,boor,dissonance,crescendo,consternation,desuetude
114,augment,circumspect,bemoan,brandish,diverge,culpable,contemptuous,desultory
115,august,clamorous,benighted,brook,dogma,cumbersome,contentious,diaphanous
116,auspicious,clandestine,benign,bucolic,dupe,cupidity,contiguous,didactic
117,austere,clangor,bereft,buffer,ebullient,curmudgeon,contrite,diffident
118,authoritative,cloak,besiege,bureaucracy,eccentric,cynical,convention,dilatory
119,automaton,coalesce,besmirch,burgeon,eclectic,dalliance,converge,dirge
120,autonomous,coercion,besotted,burnish,efficacy,daunt,conversion,disaffect
121,avaricious,cogent,betray,buttress,elegy,dearth,copious,discomfit
122,aver,coin,bilious,bygone,elicit,debunk,corroborate,discursive
123,aversion,collaborate,blatant,cacophony,eloquence,debutante,corrosion,distention
124,avuncular,comity,bleak,calumny,eminent,declivity,covert,distrait
125,badger,commence,blinkered,canard,empirical,decorous,covet,doggerel
126,baleful,commensurate,bolster,candid,emulate,deject,cower,dogmatic
127,banal,compelling,boon,canonical,enervate,deleterious,credulous,dolorous
128,base,competent,boorish,capricious,engender,delineate,culpable,dross
129,battery,complacent,bowdlerize,cardinal,enhance,demagogue,cultured,dulcet
130,bauble,complementary,brazen,cartography,entitlement,demarcate,cunning,ebullience
131,baying,comply,bridle,castigate,ephemeral,demur,curmudgeon,edacious
132,beatific,compromise,bristle,catalyst,equable,denigrate,cursory,edifying
133,beatify,conciliatory,broadside,catholic,equivocate,derelict,cynical,effluvia
134,becalm,condone,bromide,caustic,erroneous,deride,damp,effrontery
135,bedlam,confound,brook,censure,erudite,derivative,daunt,effusive
136,beguile,congenial,browbeat,chauvinism,eschew,desiccate,dearth,egregious
137,behemoth,conjectural,brusquely,chicanery,esoteric,despoiler,debacle,egress
138,beleaguered,connoisseur,buck,chronological,estimable,despot,debased,elegy
139,belied,consensus,bucolic,circumscribe,eulogy,destitute,debauchery,emollient
140,belittle,conspicuous,bumbling,circumspect,exacerbate,desultory,decibel,encomium
141,bellicose,construe,burgeon,clamber,exacting,diaphanous,decimate,endemic
142,bemoan,contempt,buttress,clamor,exculpate,diatribe,defer,enormity
143,beneficence,contend,byzantine,clinch,exigent,dictum,deference,epicure
144,benign,contentious,cadaverous,cloying,exonerate,didactic,deign,epithet
145,bereft,contravene,callow,coagulate,expatiate,diffident,deleterious,eponymous
146,beseech,contrite,calumny,coalesce,explicate,dilatory,demure,equanimity
147,bifurcated,convalescent,canard,coda,exposition,dilettante,denigrate,equipoise
148,bilious,conventional,candid,coffer,extraneous,dirge,denounce,erudite
149,blasé,convivial,candidness,cogent,extrapolate,disabuse,deride,eschew
150,blithe,convoluted,capitulate,collude,facetious,discern,derision,esoteric
151,bloviated,copious,capricious,commensurate,facilitate,disdain,derivative,essay
152,bludgeon,cordial,cardinal,compendium,fallacious,disenfranchise,detraction,euphony
153,bonhomie,correlate,carping,complacent,fastidious,disillusion,deviance,evince
154,boon,corroborate,castigate,complaisant,fluctuate,disingenuous,deviation,exact
155,boor,cosmopolitan,cataclysm,complementary,foment,disparage,diabolic,excoriate
156,bootless,countenance,catalyst,compliant,forestall,disparate,diatribe,exegesis
157,bowdlerize,covert,catholic,concede,fortuitous,dissembler,dichotomy,exhort
158,bravado,covet,cavalier,conciliatory,fortuitous,disseminate,diffuse,expatiate
159,brazen,craven,cede,concur,gainsay,dissonance,digress,expiate
160,brevity,credible,celerity,condone,galvanize,distaff,dilapidated,exposition
161,bromide,crestfallen,censor,confer,garrulous,dither,din,expostulate
162,brusque,cumbersome,censure,confound,gauche,diurnal,disabuse,expound
163,bucolic,cumbersome,cerebral,connoisseur,germane,divert,discomfit,expurgate
164,bugbear,cunning,chagrin,connote,glib,divine,discordant,exscind
165,bulwark,curb,champion,console,gregarious,doctrinaire,discourse,extant
166,bumptious,cursory,charlatan,consolidate,guile,dogmatic,discreet,extirpate
167,bungle,curtail,chary,constrict,hackneyed,draconian,discrepancy,extol
168,buoyant,daunting,chastise,construe,harangue,droll,discrete,facile
169,burdensome,dawdle,chauvinism,contentious,hedonism,dubious,discretion,fallow
170,burgeoning,dearth,chauvinist,contextualize,hierarchical,dupe,disingenuous,fatuous
171,buttress,debilitating,check,contraries,homogenous,dyspeptic,disinterest,feckless
172,bygone,debunk,checkered,contrite,hyperbole,earnest,disparage,felicitious
173,byzantine,decadent,chimera,contumacious,iconoclast,ebullient,disparate,fetid
174,cache,decorum,chivalrous,conundrum,ideological,eclectic,dispersed,filigree
175,cacophony,decry,choleric,converge,imminent,edify,dissemble,florid
176,cadge,deference,chortle,conversant,immutable,efficacious,dissolution,foment
177,cajole,deflect,churlish,conversely,impair,effigy,distill,ford
178,calamitous,deft,circumscribe,convoke,impediment,effrontery,distraught,fracas
179,callous,deify,circumvent,convoluted,imperturbable,effusive,divest,fractious
180,callow,deleterious,clemency,copious,implacable,egalitarian,divulge,frieze
181,calumnious,deliberate,coalesce,corroborate,implicit,egregious,dogma,froward
182,camaraderie,demur,cogent,cosmopolitan,imprudence,elegy,dynamo,fulminate
183,canard,denounce,cohesive,cosset,impudent,elicit,eccentric,fulsome
184,canny,deride,collusion,coterie,inadvertent,eloquent,eclectic,gainsay
185,canonize,derivative,colossal,countenance,Inchoate,elucidate,eloquent,gambit
186,capacious,desiccate,commendable,counterintuitive,inconclusive,embroil,elucidate,gambol
187,capitulate,despotic,commensurate,counterpoint,indebted,eminent,empirical,garrulous
188,capricious,desultory,complacent,counterproductive,indefatigable,emissary,emulate,gauche
189,captious,deviate,complaisant,covert,indolent,emollient,enervate,gauntlet
190,cardinal,diatribe,complementary,crafty,infer,empirical,engender,gawkishness
191,caricatured,dichotomy,complicit,craven,ingenuous,emulate,enigmatic,germane
192,castigate,dictate,compound,credibility,inimical,encomium,enumerate,gnostic
193,caterwaul,didactic,concede,credulous,Innocuous,endemic,ephemeral,gossamer
194,causal,diffident,conciliate,crescendo,inscrutable,enervated,episodic,grandiloquence
195,celerity,diffuse,concomitant,culminate,insipid,engender,epitome,gratuitous
196,censure,digression,conducive,cupidity,insular,enigma,equivocal,gravitas
197,cerebral,dilatory,conflagration,curmudgeon,intensive,ennui,equivocate,gregarious
198,chagrin,diminutive,conflate,cynical,intermediary,enumerate,eradicate,grouse
199,champion,discernible,confound,daunt,intimate,ephemeral,espouse,guile
200,chary,discomfit,conniving,debase,intractable,epicure,estimable,guy
201,chicanery,discount,consecrate,debunk,intransigent,epistolary,ethereal,hackneyed
202,choleric,discreet,conspicuous,declaim,intrepid,equanimity,eulogy,hallow
203,chronological,discrepancy,constituent,declivity,inveterate,equivocal,euphemism,harangue
204,churlish,disingenuous,constraint,decorous,invulnerable,ersatz,evanescent,harrow
205,cinematic,disinterested,construe,deem,irascible,erudition,exacerbate,hectoring
206,circuitous,disparate,consummate,deface,irresolute,eschew,exculpate,hedonism
207,circumscribed,dissemble,contemptuous,default,laconic,esoteric,exemplar,hermetic
208,circumspect,disseminate,contentious,deference,laud,espouse,exonerate,heterodox
209,circumvents,dissent,contingent,deflect,laudable,ethos,expel,hirsute
210,clairvoyant,dissident,contrite,deleterious,litigation,eulogy,extemporaneous,homiletics
211,clandestine,distill,contrition,delimit,loquacious,euphemism,extend,homily
212,clangorous,distort,contrive,delineate,lucid,euphony,extraneous,hubris
213,clemency,distressed,conundrum,demagogue,luminous,evanescent,facetious,iconoclastic
214,climatic,divergent,convivial,demur,magnanimity,exacerbate,facilitate,idyll
215,climax,divorced,convoluted,denigrate,maladroit,exasperate,fallacy,ignoble
216,cloying,divulge,copious,denote,malign,exculpate,fancy,ignominious
217,coalesce,documentary,cornucopia,deride,malleable,exegesis,fawn,imbroglio
218,cocksure,dogged,corollary,derivative,maverick,exigent,fervent,immutable
219,coddle,dogmatic,corroborate,desiccate,mendacity,exonerate,fidelity,imperious
220,coerced,droll,cosmopolitan,desultory,mercurial,exorbitant,filibuster,impiety
221,coeval,dubious,cosseted,detached,meticulous,expatriate,flag,importune
222,cognizant,dupe,coterminous,deterrent,misanthrope,explicator,flamboyant,imprimatur
223,coherence,duplicitous,countermand,diaphanous,mitigate,explicit,flip,impugn
224,cohesive,duress,cow,diatribe,modest,exponent,flounder,impute
225,cohort,dwindling,craven,dichotomy,mollify,expurgate,flout,incandescent
226,coin,ebullient,credence,dictum,monotony,extemporaneous,flush,inchoate
227,collusion,eccentric,creditable,didactic,mundane,extol,forbearance,ineffable
228,commensurate,eclipse,credulity,diffident,munificent,extraneous,forestall,ineluctable
229,commiserate,economy,crestfallen,diffuse,naïve,exuberant,forswear,ingenuous
230,companionable,edify,cryptic,digress,nascent,facetious,forte,inimical
231,complicit,efficacious,crystallize,dilate,neglect,fallacy,fortuitous,inimitable
232,composure,egregious,culminate,dilatory,nonplussed,fallible,founder,iniquity
233,compunction,elated,culpability,dilettante,notoriety,fallow,fraud,innervate
234,concession,elementary,cumbersome,din,nuance,fastidious,frugality,inscrutable
235,concoct,elicit,cupidity,dirge,obdurate,fatuous,furtive,insensible
236,concomitant,elitist,curmudgeon,disabuse,obscure,fawn,garner,insouciant
237,concord,elucidate,dearth,discerning,obsequious,fecund,genial,interdict
238,concupiscence,embellish,debase,discomfiting,obstinate,felicity,glib,invective
239,condign,empirical,debonair,discordant,obviate,fervid,goad,inveigh
240,condones,emulate,debunk,discredit,occlude,fetid,gratis,inveterate
241,conferred,enchant,decimation,discrepancy,occult,flippant,gratitude,involute
242,confiscate,encyclopedic,decorous,discrete,offset,flotsam,hankering,jejune
243,conflagration,enervate,decorum,discriminating,olfactory,foible,hegemony,jocose
244,conflate,engender,decry,disingenuous,omniscience,fomentation,heretical,labile
245,confound,enigmatic,deferential,disinterested,onerous,foppish,hyperbole,lachrymose
246,conglomerate,entitled,defray,disjointed,opaque,ford,idiosyncrasy,laconic
247,conniving,entrenched,degrade,dismiss,opportunism,formidable,idolatrous,lambaste
248,connoisseur,ephemeral,deign,disparage,opprobrium,fortuitous,illusory,languorous
249,conscientious,equitable,delegate,disparate,oscillate,foster,imminent,largess
250,conspicuous,equivocate,deleterious,dispassionate,ostentatious,fractious,impassive,lascivious
251,consternation,erratic,deliberate,dispatch,outstrip,frenetic,impediment,lassitude
252,contumacious,erudite,delineate,disperse,overshadow,frivolous,impenetrable,laud
253,conundrum,escalate,demean,disposition,painstaking,frugal,imperturbable,levee
254,conversant,eschew,demonstrative,disquieting,partial,fulminate,impetuous,levity
255,copious,esoteric,demur,dissemble,partisan,furtive,implacable,libertine
256,cordial,estranged,demure,disseminate,patent,gambol,improbable,limn
257,cordon,euphoric,denigrate,dissent,paucity,garner,impudent,limpid
258,corroborate,evade,denote,dissolution,pedantic,garrulous,impunity,list
259,cosmopolitan,evanescent,denouement,dissonance,pedestrian,genial,incipient,loquacious
260,covert,evasive,derelict,distaff,perfidy,germane,incorrigible,lubricious
261,cowed,evoke,deride,distend,perfunctory,glib,incubation,luculent
262,craven,exacerbate,derisive,distill,peripheral,glower,incumbent,lugubrious
263,credence,exacting,derivative,dither,permeate,gradation,indefatigable,lumber
264,credulous,exasperated,derive,diurnal,perseverance,gratuitous,indifferent,luminary
265,crepuscular,exculpate,derogative,diverge,peruse,gregarious,indignation,macerate
266,demotic,exhaustive,desecrate,divest,pervasive,grievous,indolent,maculate
267,demur,exhilarating,desiccated,divine,phenomena,grovel,indomitable,magnanimity
268,denigrate,exonerate,desideratum,doctrinaire,phlegmatic,guile,inept,malinger
269,denizen,exorcise,despot,document,pith,gustatory,inerrancy,maunder
270,denuded,exotic,destitute,doff,placate,hackneyed,inert,maxim
271,depiction,expedient,deter,dogma,plastic,halcyon,ingenuity,mellifluous
272,deplete,expedite,detrimental,dormant,platitude,hapless,inherent,mendacity
273,deplore,explicable,devolve,dovetail,plausible,harangue,innocuous,mendicant
274,depredate,exploitative,diabolical,droll,plethora,hedonist,inopportune,mercurial
275,deride,extraneous,diatribe,dubious,plummet,hegemony,inquisitive,meretricious
276,derivative,extrapolate,dictatorial,dupe,polarize,heretical,insipid,mettle
277,descry,extravagant,didactic,duplicity,polemical,hermetic,insular,militate
278,desecrate,fabricate,differentiate,dyspeptic,pragmatic,histrionic,intemperance,minatory
279,desiccated,facetious,diffident,e.g.,precarious,hoary,intimate,mince
280,despoiled,fallacious,dilapidated,ebullient,preceded,hubris,intransigent,misogynist
281,despot,fallible,dilatory,eccentric,precipitate,husband,intrepid,mordant
282,desuetude,falter,dilettante,echelon,precursor,iconoclast,introspection,moribund
283,deteriorate,fanciful,diligent,eclectic,prescient,idiosyncrasy,inundate,multifarious
284,devoid,fastidious,diminutive,eclipse,presumptuous,idolatrous,inured,munificence
285,devolve,fawn,disabuse,edify,prevail,ignoble,irascible,nadir
286,devout,feasible,disaffected,efficacy,prevaricate,ignominious,irony,nascent
287,dexterity,feckless,discord,effigy,pristine,illusory,itinerant,natty
288,diabolical,fecund,discreet,effrontery,probity,imbue,itinerate,nebulous
289,diaphanous,feeble,discrete,egalitarian,prodigal,immutable,judicious,neologism
290,diatribe,feign,discriminate,egregious,prodigious,impasse,lackluster,neophyte
291,dichotomy,felicitous,discursive,egress,profligate,impecunious,lament,nexus
292,didactic,fervent,disenfranchise,elated,proliferate,imperturbable,latent,nice
293,diffident,fervid,disheartened,elegy,propitiate,impervious,lethargic,noisome
294,digression,fervor,disingenuous,elevate,propriety,impetuous,lucid,nostrum
295,dilatory,fester,disinterested,elicit,prospective,impious,luminous,noxious
296,dilettante,finicky,disparate,eloquent,qualification,implacable,magnate,nugatory
297,dilute,flamboyant,dispassionate,emaciate,quotidian,implicit,makeshift,obloquy
298,dint,florid,dispatch,embellish,rationalize,imprecation,malevolent,obstreperous
299,dire,flout,dispensation,eminent,reconcile,impugn,malleable,occult
300,discomfit,flummoxed,dissemble,empirical,recondite,impute,manifest,officious
301,disconcert,foil,disseminate,emulate,refute,incarnadine,marginal,opprobrium
302,discreet,foment,dissipate,encomium,relentless,inchoate,martial,oscillation
303,discrepancy,foolhardy,dissolution,endemic,relevant,incipient,maverick,ossified
304,discrete,forbear,docile,enervate,reproach,incontrovertible,membrane,ostensible
305,discriminate,foreseeable,dog,engender,repudiate,incorrigible,metamorphose,overweening
306,disgruntled,forestall,dogmatic,enhance,rescind,incredulous,meticulous,paean
307,dismantle,forsake,doleful,enigma,respectively,inculcate,milk,palliate
308,dismissive,fractious,dolorous,entitlement,reticent,indigenous,misanthrope,panacea
309,disparage,fret,doughty,enumerate,reverent,indignant,misappropriate,panache
310,disparate,frivolous,dovetail,ephemeral,rhetoric,indolent,misconstrue,pandemic
311,dispassionate,fruitful,dupe,epicure,salubrious,ineffable,miscreant,panegyric
312,dispatch,fungible,duplicity,equanimity,sanction,inexorable,miserly,pariah
313,displacing,furtive,duress,equitable,satiate,ingenious,mitigate,parry
314,disputatious,futile,ebullient,equivocate,secular,ingenue,mollify,parsimonious
315,dissemble,gaffe,eccentric,erratic,sediment,ingrate,monotonous,paucity
316,disseminated,gainsay,eclectic,erroneous,sedulous,ingratiate,morose,peccadillo
317,distension,galvanize,economical,ersatz,simultaneous,inherent,multifaceted,pedestrian
318,dither,garrulous,edifying,erstwhile,solicitous,inimical,myriad,pellucid
319,diurnal,gawky,effervescent,erudite,soporific,iniquity,nominal,peregrination
320,divergent,glib,efficacious,eschew,sparse,innocuous,nonplussed,peremptory
321,divisive,glum,effrontery,esoteric,specious,insidious,novel,perfidy
322,docile,gratify,egotist,estimable,sporadic,insipid,obdurate,perfunctory
323,doctrinaire,hackneyed,egregious,ethos,spurious,insolence,oblique,perigee
324,doggedness,hamper,eke,eulogy,stolid,insular,obsequious,peripatetic
325,doggerel,haphazard,elaborate,euphemism,subjective,insurrection,obstinate,pernicious
326,dogmatic,harbinger,elegiac,euphony,substantiate,inter,obtuse,peroration
327,dolorous,headstrong,elicit,exacerbate,subversive,interlocutor,obviate,petrous
328,dormant,heed,elucidate,exacting,sufficient,interregnum,odious,philistine
329,dour,heterodox,elude,exculpate,superbly,intractable,ominous,phlegmatic
330,draconian,heterogeneous,elusive,exhaustive,supine,intransigent,onerous,picaresque
331,droll,hinder,embellish,exigent,supplant,inundate,opaque,pied
332,dubious,histrionic,embroiled,exonerate,sycophant,inure,ornery,pillory
333,dudgeon,hodgepodge,embryonic,expedient,synthesize,invective,ostentatious,piquant
334,dupe,homogeneous,eminent,explicit,tacit,inveigle,ostracism,pique
335,duplicitous,humdrum,empathetic,exponent,taciturn,investiture,paradigm,pithy
336,dwindle,hyperbole,empiricism,expurgate,temperance,invidious,paradox,plaintive
337,dyspeptic,iconoclastic,emulate,extemporaneous,tenuous,invoke,parody,plangent
338,ebullient,illusory,enamor,extraneous,timorous,irascible,partisan,platonic
339,eclectic,immure,encumber,extrapolate,tirade,itinerant,patent,pliant
340,effaced,immutable,endemic,facetious,torpor,jettison,pedagogy,plumb
341,effete,impair,enervate,facilitate,tortuous,jingoism,pedantic,polemical
342,efficacious,impede,engender,faction,tractable,jocular,penchant,portentious
343,efflorescence,imperious,enjoin,fallacious,transient,juncture,penultimate,poseur
344,effluvium,impertinent,enmity,fallow,ubiquitous,juxtapose,penury,prate
345,effrontery,impetuous,enormity,fanatical,unadorned,keen,perennial,prattle
346,effusive,implicit,enthrall,fanciful,undermine,kindle,peripheral,precept
347,egalitarian,improvise,entice,fastidious,underscore,kinetic,perjury,precis
348,egregious,impugn,entrenched,fathom,untenable,knell,personable,predilection
349,eldritch,inborn,enumerate,fatuous,vacillate,lachrymose,pertinent,preen
350,emancipate,incendiary,ephemeral,fawn,venality,laconic,peruse,prevaricate
351,embellish,incessant,epigram,feasible,venerate,lament,pervasive,privation
352,embroiled,inclined,epiphany,fecund,veracity,lampoon,petulant,prize
353,embryonic,incongruous,eponym,felicitous,verbose,languid,pine,probity
354,eminent,incredulous,equitable,fervid,vexation,lapidary,pious,prodigious
355,emollient,indefatigable,equivocal,fetid,volatile,largess,placate,profligate
356,emphatic,indiscriminate,equivocate,fidelity,whimsical,lassitude,placebo,prolific
357,empirical,indispensable,eradicate,figurative,zeal,latent,plasticity,prolix
358,encomium,indolent,err,finesse,,laud,platitude,propinquity
359,encompass,industrious,errant,flag,,lavish,plethora,propitiate
360,encroaching,inform,erratic,fledgling,,legerdemain,plod,prosaic
361,enervating,ingenuous,ersatz,fleeting,,levity,plummet,proscribe
362,enigmatic,inhibit,erudite,florid,,lexicography,poignant,provident
363,enmity,inimical,eschew,flout,,liberate,pompous,puerile
364,ennui,innocuous,esoteric,fluke,,libertine,porous,pugnacious
365,ensorcelled,inscrutable,espouse,foment,,licentious,pragmatic,puissance
366,entitled,insipid,estimable,forage,,limpid,precarious,pulchritude
367,entreat,insular,ethereal,ford,,lissome,precipitate,pullulation
368,ephemeral,interchangeable,euphoria,foreshadow,,listless,precursor,punctilious
369,epitome,intermittent,evanescent,forestall,,loquacious,preempt,pundit
370,equivocal,intertwined,evasive,forfeit,,lucid,presumption,pusillanimous
371,eradicate,intimate,evenhanded,fortify,,lugubrious,presumptuous,putrefy
372,ersatz,intransigent,exacerbate,fortuitous,,luminous,prime,quaff
373,erstwhile,intrepid,exacting,fracas,,machination,pristine,quail
374,erudite,intrinsic,exalt,fractious,,maelstrom,proclivity,quay
375,eschew,inundate,exasperate,frenetic,,magnanimous,prodigal,querulous
376,esoteric,invasive,excoriate,fringe,,magnate,profuse,quiescence
377,espouse,inveigle,excruciating,frugal,,malediction,proliferate,quixotic
378,espy,inveterate,execrate,fulminate,,malevolent,prone,quotidian
379,estimable,invidious,exegesis,furtive,,malice,propagate,raffish
380,estranged,invigorate,exemplar,futile,,malinger,propensity,rail
381,ethereal,inviolate,exemplify,gainsay,,malleable,provincial,ramify
382,etiolated,irascible,exhort,gambol,,malodorous,prudent,rampart
383,euphemism,ire,exiguity,garner,,mar,prune,rancorous
384,eurytopic,irksome,exonerate,garrulous,,martial,pursuant,rapacious
385,evanescent,ironclad,exorbitant,gauche,,martinet,qualify,rebus
386,evinced,irresolute,expansive,gawky,,matriarch,qualm,recant
387,exacerbated,irreverent,expound,germane,,maudlin,query,recidivism
388,exact,jeopardize,expunge,gestation,,maverick,queue,recondite
389,exacting,jettison,expurgate,gist,,melange,quintessential,reconnoiter
390,exaggerate,judicious,extant,glacial,,mendacious,rarefy,recreant
391,excise,laconic,extenuating,glib,,mendicant,raucous,rectitude
392,excoriated,lament,extrapolate,glower,,mercurial,recalcitrant,recumbent
393,exculpated,languid,facetious,goad,,meretricious,recluse,redolent
394,execrable,largesse,facile,goosebumps,,meritocracy,reconciliation,redoubtable
395,exigent,laudable,factious,gouge,,meticulous,reconnaissance,refractory
396,exodus,lax,factitious,gradation,,militate,rectify,regale
397,exorbitant,lethargic,fallacious,graft,,mirth,refute,rent
398,expatiate,liability,fastidious,grandiloquent,,misanthrope,relegate,repine
399,expatriate,libertine,fawn,grandstand,,miscreant,relish,replete
400,expedient,limpid,feckless,grating,,miser,remedial,reprobate
401,explicate,lionize,fecund,gregarious,,missive,remonstrate,reprove
402,exponent,loathe,fell,grievous,,mitigate,remuneration,ribald
403,expunge,loquacious,ferret,grouse,,mollify,renaissance,rubicund
404,expurgate,lucid,fete,grovel,,molt,renege,runic
405,extant,lucrative,fickle,guile,,monastic,reproach,sagacious
406,extemporaneous,lull,finagle,hackneyed,,morass,repudiate,salacious
407,extenuating,magisterial,firebrand,halcyon,,moratorium,rescind,salubrious
408,extirpate,malfeasance,flag,hallmark,,mores,resolute,sanatorium
409,extol,malign,fledgling,handwringing,,morose,respite,sanctimony
410,extraneous,malleable,fleece,hapless,,multifarious,restitution,sanguine
411,extrapolate,manacle,flippant,harangue,,mundane,resurrect,sartorial
412,exult,manifest,flounder,hardy,,munificent,retard,satiate
413,fabricate,marginalize,flummox,harrow,,myopic,reticent,saturnine
414,facetious,mawkish,flush,haven,,nadir,reverent,scurrilous
415,fallible,mendacity,flux,hearken,,naïve,rhetoric,scurvy
416,fanatic,mercenary,foible,hedge,,narcissist,rubric,sedulous
417,farce,mercurial,foment,hedonist,,nascent,rue,seine
418,fastidious,metaphorical,foolhardy,hegemony,,nebulous,salient,seminal
419,fatuous,meticulous,forlorn,hermetic,,nefarious,salutary,sententious
420,fawning,mettlesome,forthcoming,heterogeneous,,neologism,salve,sepulchral
421,feckless,mimic,forthright,hew,,neophyte,sanction,sidereal
422,fecund,minute,fortuitous,hierarchy,,nettle,sanction,simper
423,feign,misanthropic,fractious,hoary,,nihilism,sap,sinecure
424,felicity,miserly,frivolous,hodgepodge,,noisome,satire,sinuous
425,ferret,misnomer,frugal,homage,,nominal,saturate,slake
426,fervor,mitigate,frustrate,homogeneous,,noxious,savor,sodden
427,festoon,modest,futile,hoodwink,,nuance,schism,solder
428,fetid,modish,gaffe,hotly,,numismatic,secrete,solicitous
429,fiasco,mollify,gainsay,husband,,obdurate,sedative,sophistry
430,filial,momentary,gall,hyberbole,,obfuscate,serenity,sophomoric
431,fillip,monotonous,galvanize,iconoclast,,oblique,sever,soporific
433,finagled,mordant,gambit,idiosyncrasy,,obscure,shard,soubriquet
434,finicky,mundane,garrulous,idolatry,,obsequious,singular,splenetic
435,fitful,munificent,gauche,idyllic,,obstinate,slight,stanch
432,flagrant,myopic,genial,ignoble,,obstreperous,slothful,steep
436,fleeting,naive,genteel,illiberality,,obstreperous,soliloquy,stentorian
437,flippant,nascent,germane,imbue,,obstructionist,solvent,stoic
438,florid,negligent,gerrymander,imminent,,obtuse,somber,striated
439,flotilla,neophyte,glean,immutable,,obviate,sordid,strident
440,flotsam,nettlesome,glib,impair,,occlude,sparing,strut
441,flounder,neutralize,glut,impartial,,odious,sparse,stupefy
442,flourish,noble,goad,impasse,,officious,spendthrift,stygian
443,flouted,nonchalant,gossamer,impassive,,ominous,sporadic,stymie
444,fluctuate,nonplussed,graft,impecunious,,onerous,spurious,succor
445,flummoxed,noxious,grandiloquent,impede,,opaque,squalid,supercilious
446,foible,nullify,gregarious,imperious,,opine,stanza,supine
447,foment,numinous,grovel,impermeable,,opprobrium,static,suppliant
448,forage,obeisance,guffaw,imperturbable,,opulent,staunch,supplicant
449,forbearance,oblivious,guileless,impervious,,oration,stint,surfeit
450,foreground,obscure,gumption,impetuous,,ornate,subliminal,sycophant
451,forestall,obsequious,hackneyed,impious,,orotund,subpoena,table
452,formidable,obsolete,hagiographic,implacable,,orthodox,subtle,tamp
453,fortitude,obstinate,hail,implication,,ossify,succinct,tawdry
454,fortuitous,obviate,halcyon,implicit,,ostensible,sundry,tendentious
455,fracas,omnipresent,hamper,implode,,overt,superfluous,tetchy
456,fractious,onerous,hamstrung,imprecation,,overwrought,supplant,timorous
457,fraternize,opaque,haphazard,impugn,,pacify,surreptitious,toady
458,frenetic,opprobrium,harangue,impute,,paean,synergy,tonicity
459,froward,ostentatious,harried,inadvertent,,palatial,tacit,torpid
460,frugal,oust,haughty,inasmuch,,palliate,taciturn,torrid
461,fruition,outstrip,hauteur,incarnadine,,pallid,tact,tortuous
462,fudge,overt,hector,incendiary,,panacea,tangential,tractable
463,fuliginous,painstaking,hedge,incentive,,panache,tantalize,truculent
464,fulsome,palpable,hegemony,inchoate,,panegyric,tautology,tumid
465,funereal,panacea,heretic,incipient,,panoply,temper,turbid
466,furor,panache,heyday,incongruous,,paradox,temperate,turgid
467,furtive,paradigmatic,histrionic,inconsequential,,paragon,tenacity,turpitude
468,gadfly,parochial,hoary,inconstancy,,parenthetical,tender,tyro
469,gaffe,parsimonious,hobble,incorporate,,pariah,tentative,ubiquitous
470,gainsay,partial,hodgepodge,inculcate,,parley,tenuous,umbrage
471,gallant,patent,hoodwink,indefatigable,,parody,terse,uncouth
472,gambit,peculiar,hound,indeterminate,,parry,tirade,undulate
473,gamboled,pedantic,hubris,indifferent,,parsimonious,torque,unfeigned
474,garble,pedestrian,humdrum,indigence,,partisan,tout,untenable
475,gargantuan,pellucid,iconoclast,indolent,,pastiche,tranquil,untoward
476,garrulous,pensive,iconoclastic,inert,,patriarch,travesty,upbraid
477,gauche,perennial,idiosyncrasy,inexorable,,paucity,trepidation,urbane
478,gaudy,perfidy,ignoble,infallible,,peccadillo,trivial,usury
479,genial,perfunctory,ignominious,inform,,pedagogical,unfettered,vacuous
480,germane,perilous,illicit,ingenuous,,pedantic,unremitting,variegated
481,germinate,peripheral,illustrious,ingrained,,pejorative,vacillate,vaunt
482,ghastly,pernicious,imbibe,ingrate,,penchant,veracity,venal
483,gild,perpetrate,imbroglio,ingratiate,,penitent,veritable,venerate
484,glacial,perpetuate,immaterial,inherent,,penurious,vexation,veneration
485,glancing,pertinacious,immure,inimical,,peregrinate,viable,verdant
486,glaring,pertinent,immutable,iniquity,,perfidious,vigilant,verisimilitude
487,glowered,pervasive,impartial,innocuous,,perfunctory,vigor,vernacular
488,glut,petulant,impeccable,inordinate,,peripatetic,vilify,vestige
489,goosebumps,phlegmatic,impecunious,inquest,,permeate,viscous,virago
490,gossamer,pious,impede,insensible,,pernicious,vitality,virulent
491,grandiloquent,pithy,impending,insinuate,,perquisite,volatile,vitiate
492,grandiose,placate,imperious,insipid,,perspicacity,voracious,vitriolic
493,grandstand,placid,impermeable,insular,,peruse,waffle,viturperate
494,grasping,plaintive,impertinent,insurrection,,pervasive,waft,volubility
495,grating,plastic,impervious,intelligible,,petulant,wane,wag
496,gravitas,platitude,impetuous,inter,,phalanx,warranted,wax
497,gregarious,pliant,implacable,interplay,,philanthropist,waver,welter
498,grisly,plodding,implausible,interregnum,,philistine,weather,wend
499,grouse,poignant,implicate,intractable,,phlegmatic,whimsical,wheedle
500,grovel,polarize,imponderable,intransigent,,picayune,zealous,wizened
501,gumption,polemical,importuned,intrepid,,pious,,
502,guttural,polymath,impregnable,intrinsic,,pith,,
503,hackneyed,portend,improvident,inundate,,pithy,,
504,haggard,precarious,imprudent,inure,,placid,,
505,halcyon,precipitate,impudent,invective,,platitude,,
506,hallowed,precipitous,impugn,inveigle,,plebeian,,
507,hapless,preclude,impute,investiture,,plethora,,
508,haptic,predicament,inadvertent,invidious,,pliant,,
509,harangue,predilection,inanity,irascible,,plucky,,
510,harbinger,premeditate,inarticulate,irresolute,,polemical,,
511,hardscrabble,prescient,incense,itinerant,,politic,,
512,harmonious,presumptuous,incessant,itinerary,,polyglot,,
513,harried,pretentious,inchoate,jargon,,populist,,
514,harrow,prevaricate,incisive,jettison,,posit,,
515,haughty,prime,inclement,jingoism,,potentate,,
516,headlong,pristine,incongruous,jocular,,pragmatic,,
517,hector,probity,incontrovertible,judicious,,prattle,,
518,hegemony,proclivity,incorrigible,juncture,,precipitate,,
519,heinous,prodigal,incumbent,juxtapose,,precis,,
520,herald,prodigious,indecorous,keen,,precocious,,
521,hermetic,proficient,indict,kindle,,predilection,,
522,heterodox,profligate,indifference,kinetic,,prescience,,
523,heterogeneous,profound,indigenous,knell,,pretense,,
524,heyday,profundity,indigent,kudos,,prevaricate,,
525,hiatus,profuse,indignant,lachrymose,,pristine,,
526,hidebound,proliferate,industrious,lackluster,,probity,,
527,hirsute,prolix,ineffable,laconic,,proclivity,,
528,histrionic,propagate,ineluctable,lament,,prodigal,,
529,hodgepodge,propensity,inequity,lampoon,,prodigy,,
530,holistic,prophetic,inexorable,landmark,,profligate,,
531,homespun,propriety,infelicitous,languid,,progenitor,,
532,homogeneous,prosaic,inflammable,larceny,,proletarian,,
533,hortatory,providential,ingenuity,largess or largesse,,proliferate,,
534,hubris,provincial,ingenuous,lassitude,,propensity,,
535,humbuggery,provocative,ingratiate,latent,,propitiate,,
536,humdrum,prowess,inimical,laudable,,propriety,,
537,husbandry,prudent,inimitable,lavish,,prosaic,,
538,iconoclast,puerile,inkling,lax,,proselytize,,
539,ideological,pugnacious,innocuous,layperson,,provincial,,
540,idiosyncrasy,punctilious,inscrutable,leery,,prudent,,
541,idyllic,qualm,insidious,legerdemain,,puerile,,
542,ignominy,quiescent,insipid,lethargic,,pugilist,,
543,illiberal,quirky,insolent,levity,,pugnacious,,
544,illusory,quixotic,insolvent,levy,,pulchritude,,
545,imbroglio,radical,insouciance,liberal,,punctilious,,
546,imminent,rapacious,insufferable,libertine,,pundit,,
547,immure,rational,intermittent,licentious,,pungent,,
548,immutable,reconcile,internecine,likewise,,pusillanimous,,
549,impassive,recondite,intimate,limpid,,putrefy,,
550,impeccable,recourse,intimation,lionize,,quaff,,
551,impecunious,recrudescent,intransigent,lissome,,quell,,
552,impeded,refine,intrepid,listless,,querulous,,
553,impenetrable,refute,inundate,livid,,quiescent,,
554,imperative,regress,inure,log,,quixotic,,
555,imperious,reiterate,invective,loquacious,,quotidian,,
556,imperturbable,relinquish,inveterate,lucid,,raconteur,,
557,impetuous,relish,invidious,lugubrious,,raiment,,
558,impetus,remedial,inviolable,lull,,rancorous,,
559,impinge,renege,inviolate,lumber,,raucous,,
560,implacable,renounce,involved,luminous,,raze,,
561,implication,repercussion,irascible,lurid,,rebuke,,
562,implicit,replenish,irk,"machination or
machinations",,rebut,,
563,imploring,reproach,irrefutable,maelstrom,,recalcitrant,,
564,importune,repudiate,irresolute,magnanimous,,recondite,,
565,impregnable,restive,irrevocable,magnate,,redoubtable,,
566,imprimatur,reticent,itinerant,makeshift,,redress,,
567,impromptu,robust,jargon,malediction,,refulgent,,
568,impudence,rudimentary,jaundice,malinger,,refute,,
569,impugn,ruminate,jejune,malleable,,rejoinder,,
570,inalienable,sagacious,jingoism,manifest,,relegate,,
571,inane,salubrious,jingoist,mannered,,remiss,,
572,incandescent,salutary,jocular,mar,,remuneration,,
573,incensed,sanctimonious,jovial,martinet,,renounce,,
574,inchoate,sanction,jubilant,maudlin,,repast,,
575,incipient,sanguine,juggernaut,maverick,,replete,,
576,incisive,satirical,junta,maxim,,repose,,
577,incoherent,scant,juxtapose,mendacious,,reprehensible,,
578,incorporate,scathing,kowtow,mendicant,,reproach,,
579,incorrigible,schism,laborious,mercurial,,repudiate,,
580,inculcate,scintillating,lacerate,meretricious,,repugnant,,
581,incumbent,scorn,lachrymose,metamorphosis,,requite,,
582,indefatigable,scrupulous,laconic,metaphysical,,rescind,,
583,indictment,sedulous,lambast,meticulous,,restive,,
584,indigenous,sensational,lampoon,milieu,,reticent,,
585,indignant,sever,languid,militate,,revere,,
586,indomitable,sham,languish,mired,,reviler,,
587,industrious,skirt,largess,mirth,,rhapsodize,,
588,ineffable,skittish,lascivious,misanthrope or misanthropist,,rhetoric,,
589,ineluctable,skullduggery,laudable,missive,,ribald,,
590,inestimable,slander,leery,mitigate,,rococo,,
591,inexorable,slight,lethargic,modest,,sacrosanct,,
592,infinitesimal,sluggish,limpid,modicum,,sagacious,,
593,influx,somnolent,lionize,modish,,sage,,
594,ingenious,sophisticated,litany,mollify,,salient,,
595,ingenuous,soporific,loath,molt,,salubrious,,
596,ingrained,sound,lucid,monastic,,sanctimonious,,
597,ingratiate,spartan,lugubrious,monotony,,sanguine,,
598,inimical,specious,macabre,moreover,,sardonic,,
599,inimitable,spendthrift,machinate,mores,,satiate,,
600,innate,sporadic,magisterial,morose,,schism,,
601,innocuous,spurious,magnanimous,multifarious,,scintillating,,
602,inordinate,stalwart,maintain,mundane,,scoff,,
603,inscrutable,stern,maladroit,munificent,,scrupulous,,
604,insinuate,stigmatize,malady,myopic,,sedition,,
605,insipid,stinting,malapropism,nadir,,sedulous,,
606,insolence,stoic,malevolent,naïve,,sentient,,
607,insular,strife,malfeasance,nascent,,seraphic,,
608,integrate,stringent,malingerer,negate,,sibilant,,
609,interloper,subjective,malleable,neologism,,sinecure,,
610,intimate,subordinate,malodorous,neophyte,,slake,,
611,intrepid,subservient,martial,net,,sobriquet,,
612,intrinsic,subside,martinet,nettle,,solecism,,
613,intrusive,subsume,maudlin,nevertheless or nonetheless,,solicitous,,
614,inundated,subtle,maunder,noisome,,solvent,,
615,inveigh,subvert,maverick,nominal,,somnolent,,
616,inveigle,superficial,mawkish,nontrivial,,sonorous,,
617,invidious,superfluous,maxim,normative,,sophistry,,
618,inviolate,supersede,meander,notoriety,,soporific,,
619,irascible,supplicate,melancholy,novel,,Spartan,,
620,irk,surmount,melee,nuance,,specious,,
621,ironic,surreptitious,mellifluous,obdurate,,sportive,,
622,irresolute,synoptic,mendacity,objective,,spurious,,
623,jargon,taciturn,mendicant,oblique,,squalid,,
624,jejune,tact,mercurial,obsequious,,stasis,,
625,jettison,tangential,mesmerize,obsolete,,stentorian,,
626,jingoism,tantalizing,meteoric,obstinate,,stevedore,,
627,jocose,tantamount,meticulous,obviate,,stifle,,
628,judicious,tarnish,mettlesome,occlude,,stigma,,
629,juggernaut,temper,misanthrope,occult,,stoic,,
630,juvenescence,tempestuous,misattribute,offhand,,stolid,,
631,juxtapose,temporal,misconstrue,officious,,stricture,,
632,kindle,tenable,miscreant,offset,,stultify,,
633,kindred,tendentious,miser,onerous,,stymie,,
634,kismet,tentative,misogynist,opaque,,sublime,,
635,kowtow,tepid,mitigate,opine,,subterfuge,,
636,lachrymose,terse,modicum,opprobrium,,subtle,,
637,lackadaisical,thorough,mollify,optimal,,subversive,,
638,laconic,timorous,moment,optimum,,succinct,,
639,lampoon,tirade,moot,orotund,,sully,,
640,languid,torpor,mordant,orthodox,,supercilious,,
641,largess,tortuous,moribund,oscillate,,superfluous,,
642,lassitude,tout,morose,ossify,,supplant,,
643,latent,tractable,morph,ostensible or ostensive,,surfeit,,
644,laudable,tranquil,mulct,ostentatious,,surly,,
645,lax,transgression,mundane,outstrip,,surreptitious,,
646,legerdemain,transient,munificent,overshadow,,sybarite,,
648,lenient,transitory,muted,overwrought,,sycophant,,
647,levity,trenchant,myopic,palatial,,symbiosis,,
649,licentious,trifling,myriad,palliate,,syncopated,,
650,lionized,trivial,nadir,pallid,,tacit,,
651,listless,truculent,negligible,panache,,taciturn,,
652,logorrhea,turbulent,nettlesome,panegyric,,tawdry,,
653,loquacious,ubiquitous,noisome,panoply,,temerity,,
654,lovelorn,umbrage,nonchalant,paradigm,,temperate,,
655,lucid,undermine,nonplussed,paradox,,tenacious,,
656,lucre,underscore,nuance,paragon,,toady,,
657,ludicrous,understated,obdurate,pare,,tome,,
658,lugubrious,universal,objurgate,pariah,,torpid,,
659,lumber,unprecedented,obliging,parley,,transient,,
660,luminary,unscrupulous,oblique,parry,,treacly,,
661,lurid,unseemly,obscure,partial,,trenchant,,
662,macabre,upbraid,obsequious,partisan,,trite,,
663,macerate,urbane,obstinate,pastiche,,truculence,,
664,machination,utilitarian,obstreperous,patent,,truncated,,
665,maelstrom,utterly,obtain,pathogenic,,turgid,,
666,magisterial,vacillate,obtuse,pathological,,turpitude,,
667,magnanimous,vanquish,officious,patronizing,,tyro,,
668,magnate,vapid,opaque,paucity,,ubiquitous,,
669,makeshift,venal,opulence,peccadillo,,umbrage,,
670,malevolent,venerate,ornate,pedant,,unctuous,,
671,malfeasance,veracity,ossify,peddle,,untenable,,
672,malign,verbose,ostentatious,pedestrian,,upbraid,,
673,malinger,verisimilitude,ostracize,pejorative,,usury,,
674,malleable,veritable,overweening,pellucid,,vacillate,,
675,manacle,versatile,palatable,penchant,,vainglorious,,
676,mandate,vexation,palaver,penitent,,venerated,,
677,manifold,viable,palimpsest,penumbra,,veracity,,
678,marginal,vigilant,panacea,penury,,verbose,,
679,marshal,virulent,panache,per se,,verdant,,
680,maudlin,visionary,panegyric,peregrinate,,verisimilitude,,
681,mawkish,vitiate,paradoxical,perennial,,vestige,,
682,meager,vivacious,paragon,perfidious,,vicissitude,,
683,meddle,vociferous,pariah,perfunctory,,vim,,
684,meld,volatile,parochial,peripatetic,,virtuoso,,
685,mellifluous,wane,parsimonious,peripheral,,viscous,,
686,melodramatic,wary,parvenu,permeate,,vitiate,,
687,mendacity,wayward,pastoral,pernicious,,vitriolic,,
688,mendicant,weary,patent,perspicacious,,vituperate,,
689,menial,woeful,patronize,pervasive,,vociferous,,
690,mephitic,zealous,paucity,phalanx,,voluble,,
691,mercenary,,pecuniary,philanthropy,,wane,,
692,mercurial,,pedantic,philistine,,wanton,,
693,meretricious,,pedestrian,phlegmatic,,whimsical,,
694,meterological,,peevish,phony,,wily,,
695,meticulous,,pejorative,pious,,wistful,,
696,mettle,,pellucid,pith,,wizened,,
697,miasma,,penurious,placate,,wraith,,
698,microcosm,,percipient,placid,,zealous,,
699,milieu,,peremptory,plastic,,zenith,,
700,milquetoast,,perennial,platitude,,zephyr,,
701,mimetic,,perfidy,plausible,,,,
702,minatory,,perfunctory,plebian,,,,
703,minion,,peripatetic,plethora,,,,
704,misanthrope,,pernicious,plucky,,,,
705,miscreant,,perpetuate,plummet,,,,
706,miserly,,perquisite,plutocracy,,,,
707,misnomer,,perspicacious,polarized,,,,
708,mitigate,,pertinent,polemic,,,,
709,modicum,,perturb,politic,,,,
710,modish,,peruse,polyglot,,,,
711,monastic,,petulant,ponderous,,,,
712,morass,,phantasmagorical,posit,,,,
713,morbid,,philistine,posthumous,,,,
714,mordant,,phlegmatic,potentate,,,,
715,mores,,picayune,pragmatic,,,,
716,moribund,,pillory,prattle,,,,
717,morose,,pine,pre-empt,,,,
718,motile,,pinnacle,preamble,,,,
719,motley,,piquant,precarious,,,,
720,multifaceted,,pith,precipitate,,,,
721,mundane,,pithy,précis,,,,
722,munificent,,pittance,precursor,,,,
723,myopic,,placate,predilection,,,,
724,myriad,,placid,predisposed,,,,
725,nadir,,platitude,prescient,,,,
726,naivete,,plodding,presumptive,,,,
727,nascent,,ploy,presumptuous,,,,
728,nebulous,,plucky,pretentious,,,,
729,neophyte,,poignant,preternatural,,,,
730,nepotism,,polemic,prevaricate,,,,
731,nettle,,Pollyannaish,primacy,,,,
732,newfangled,,ponderous,principled,,,,
733,noisome,,pontificate,pristine,,,,
734,non sequitur,,portentous,probity,,,,
735,nonchalant,,posit,proclivity,,,,
736,nondescript,,powwow,prodigal,,,,
737,nonpareil,,pragmatic,prodigious,,,,
738,nonplussed,,precarious,profligate,,,,
739,nontrivial,,precedent,profound,,,,
740,normative,,precipitate,profuse,,,,
741,nostalgia,,precipitous,prohibitive,,,,
742,nostrum,,preclude,proliferate,,,,
743,notorious,,precocious,prolix,,,,
744,novel,,predilection,prologue,,,,
745,novitiate,,preempt,pronounced,,,,
746,noxious,,preemptive,propagate,,,,
747,nuance,,prescience,propensity,,,,
748,nugatory,,presentiment,prophetic,,,,
749,obdurate,,presumption,propitiate,,,,
750,obeisance,,presumptuous,propitious,,,,
751,obfuscated,,prevail,propriety,,,,
752,objectionable,,prevaricate,prosaic,,,,
753,objective,,primacy,proscribe,,,,
754,objurgation,,pristine,prospective,,,,
755,obloquy,,probity,providential,,,,
756,obsequious,,prodigal,proxy,,,,
757,obstinate,,prodigious,prudent,,,,
758,obstreperous,,profligate,puerile,,,,
759,obtrusive,,profuse,pugilism,,,,
760,occluded,,profusion,pugnacious,,,,
761,odious,,prognostication,puissance,,,,
762,officious,,prolific,pulchritude,,,,
763,offset,,prolixity,pungent,,,,
764,ogle,,promulgate,pusillanimous,,,,
765,omission,,propitiate,qualified,,,,
766,omniscient,,propitious,quandary,,,,
767,onus,,proponent,querulous,,,,
768,opaque,,prosaic,quibble,,,,
769,openhanded,,proscribe,quiescent,,,,
770,opine,,proselytize,quixotic,,,,
771,opportune,,protean,quotidian,,,,
772,opprobrium,,provident,raconteur,,,,
773,opulent,,provincial,ranks,,,,
774,ornate,,provisional,rarefied,,,,
775,orthodox,,puerile,reactant,,,,
776,oscillate,,pugnacious,reap,,,,
777,ossified,,puissant,recalcitrant,,,,
778,ostentatious,,punctilious,recant,,,,
779,ostracized,,pundit,recapitulate,,,,
780,otiose,,pyrrhic,recluse,,,,
781,outmoded,,quail,recondite,,,,
782,outstrip,,qualify,recrudescent,,,,
783,overshadow,,qualm,redound,,,,
784,overweening,,quandary,redress,,,,
785,pacific,,querulous,refractory,,,,
786,painstaking,,quip,refulgent,,,,
787,palatable,,quisling,refute,,,,
788,palatial,,quixotic,rejoinder,,,,
789,palimpsest,,quotidian,relegate,,,,
790,pall,,raconteur,remedial,,,,
791,palliate,,raffish,rend,,,,
792,pallid,,raft,render,,,,
793,panacea,,raillery,repast,,,,
794,pander,,rakish,repertorial,,,,
795,pangs,,rankle,replete,,,,
796,panned,,rapprochement,repose,,,,
797,paradigm,,rarefied,reproach,,,,
798,paragon,,rash,reprobate,,,,
799,pariah,,ravenous,repudiate,,,,
800,parley,,rebuke,requite,,,,
801,parochial,,recapitulation,rescind,,,,
802,parody,,reconcile,resolution,,,,
803,paroxysm,,recondite,resolve,,,,
804,parsimonious,,recrimination,respectively,,,,
805,partiality,,recrudesce,restive,,,,
806,partisan,,redoubtable,resurgent,,,,
807,pastiche,,redress,reticent,,,,
808,pathos,,refractory,retrospective,,,,
809,patois,,refute,revamp,,,,
810,paucity,,relegate,reverent,,,,
811,pedantic,,remiss,rhetoric,,,,
812,pedestrian,,remonstrate,ribald,,,,
813,peevish,,renege,ridden,,,,
814,penchant,,replete,rife,,,,
815,pendulous,,reprisal,rift,,,,
816,penitent,,reproach,rococo,,,,
817,penurious,,reprobate,rudimentary,,,,
818,penury,,repudiate,rue,,,,
819,peons,,rescind,ruminate,,,,
820,peregrinate,,reservation,rustic,,,,
821,peremptory,,resignation,sacrosanct,,,,
822,perennial,,resolve,sagacious,,,,
823,perfidy,,respite,salient,,,,
824,perfunctory,,restive,salubrious,,,,
825,peripatetic,,resurgent,sanction,,,,
826,peripheral,,reticent,sanguine,,,,
827,permeated,,retiring,sap,,,,
828,permutation,,retract,sardonic,,,,
829,pernicious,,reverent,satiate or sate,,,,
830,perquisites,,ribald,saturate,,,,
831,personified,,rile,savant,,,,
832,perspicacious,,robust,savor,,,,
833,pertinacious,,row,scant,,,,
834,perturb,,rudimentary,scathing,,,,
835,pervasive,,rustic,scintilla,,,,
836,perverse,,sagacious,scurvy,,,,
837,petulant,,sanctimonious,searchingly,,,,
838,philander,,sanction,secrete,,,,
839,phlegmatic,,sangfroid,secular,,,,
840,physiological,,sanguine,sedition,,,,
841,picaresque,,sardonic,sedulous,,,,
842,picayune,,sartorial,semantic,,,,
843,picturesque,,saturnine,sentient,,,,
844,piebald,,savvy,seraphic,,,,
845,pilfer,,schadenfreude,shard,,,,
846,pillory,,scintillating,simultaneous,,,,
847,pinnacle,,screed,sinecure,,,,
848,pioneering,,scrupulous,skeptic,,,,
849,piquant,,sedulous,skirt,,,,
850,pitfall,,self-effacing,skittish,,,,
851,pith,,semblance,slack,,,,
852,pittance,,sententious,slake,,,,
853,pivotal,,sentimental,slew,,,,
854,placate,,serendipity,slight,,,,
855,plaintive,,serene,sobriquet,,,,
856,platitude,,simulacrum,solecism,,,,
857,platonic,,sinecure,solicitous,,,,
858,plaudits,,slapdash,solidarity,,,,
859,plausible,,smattering,somatic,,,,
860,plebeian,,smug,soporific,,,,
861,plenipotentiary,,snide,sound,,,,
862,pluck,,snub,spartan,,,,
863,plutocracy,,solecism,spate,,,,
864,polarize,,solicitous,spearhead,,,,
865,polemic,,solicitude,specious,,,,
866,politesse,,soporific,spectrum,,,,
867,politic,,sordid,speculate,,,,
868,pomp,,spartan,sporadic,,,,
869,ponderous,,specious,sportive,,,,
870,portentous,,spendthrift,squalid,,,,
871,poseur,,splenetic,squelch,,,,
872,posit,,sporadic,standing,,,,
873,posthumous,,spurious,stark,,,,
874,pragmatic,,spurn,stasis,,,,
875,prattle,,squander,static,,,,
876,precarious,,squelch,status quo,,,,
877,precocious,,staid,steeped,,,,
878,precursor,,stalwart,stentorian,,,,
879,predilection,,start,stigma,,,,
880,premonition,,staunch,stingy,,,,
881,prescient,,steadfast,stint,,,,
882,pretext,,stem,stipulate,,,,
883,prevarication,,stipend,stoic or stoical,,,,
884,primed,,stolid,stolid,,,,
885,primordial,,stringent,stratagem,,,,
886,pristine,,stultify,stratum,,,,
887,proclivity,,stymie,strut,,,,
888,prodigal,,subsume,stymie or stymy,,,,
889,prodigious,,subterfuge,subjective,,,,
890,profane,,subversive,sublime,,,,
891,profligacy,,sullen,subpoena,,,,
892,profound,,summit,subside,,,,
893,profuse,,supercilious,substantiate,,,,
894,progenitors,,superfluous,succeeding,,,,
895,prognosticate,,supplant,sully,,,,
896,proliferate,,surfeit,supersede,,,,
897,prolific,,surly,supplant,,,,
898,prolix,,surreptitious,supplicate,,,,
899,prominent,,sybarite,supposition,,,,
900,promulgate,,sycophant,surfeit,,,,
901,pronounced,,taciturn,surly,,,,
902,propagate,,tact,surmise,,,,
903,propensity,,tantamount,surrogate,,,,
904,prophetic,,tarnish,sybarite,,,,
905,propitious,,tawdry,sycophant,,,,
906,propriety,,taxing,symbiosis,,,,
907,prosaic,,telling,synchronous,,,,
908,protean,,telltale,synoptic,,,,
909,providential,,temerity,syntax,,,,
910,provincial,,temperance,table,,,,
911,prowess,,tempered,tacit,,,,
912,proximity,,tempestuous,taciturn,,,,
913,prudent,,tenacious,tangential,,,,
914,puerile,,tendentious,tawdry,,,,
915,pugnacious,,tender,temperance,,,,
916,pulchritude,,thoroughgoing,tendentious,,,,
917,punctilious,,thrifty,tenuous,,,,
918,pungent,,thwart,terrestrial,,,,
919,punitive,,timorous,terse,,,,
920,purist,,tirade,timely,,,,
921,pusillanimous,,torpor,timorous,,,,
922,putrid,,tortuous,tirade,,,,
923,quagmire,,tout,toady,,,,
924,quail,,tractable,token,,,,
925,quandary,,transient,tome,,,,
926,quash,,transitory,torpor,,,,
927,querulous,,transmute,torrid,,,,
928,quiescent,,travail,tortuous,,,,
929,quintessential,,travesty,tractable,,,,
930,quixotic,,treacherous,transgression,,,,
931,quizzical,,trenchant,transitory,,,,
932,quotidian,,tribulation,travesty,,,,
933,raconteur,,trite,treacherous,,,,
934,ragamuffin,,truculence,trenchant,,,,
935,raiment,,truculent,trifling,,,,
936,ramification,,truncate,trite,,,,
937,rampant,,tumult,truculent,,,,
938,rancorous,,turgid,tumultuous,,,,
939,rankled,,turpitude,turgid,,,,
940,rapacious,,tyro,turpitude,,,,
941,rapt,,umbrage,tyro,,,,
942,rapturous,,unassailable,ubiquitous,,,,
943,rarefied,,uncanny,umbrage,,,,
944,rash,,uncompromising,unconscionable,,,,
945,raucous,,unconscionable,undermine,,,,
946,raze,,undermine,underscore,,,,
947,readily,,underscore,unearth,,,,
948,realization,,underwrite,unequivocal,,,,
949,reap,,unequivocal,unprecedented,,,,
950,rebuttal,,unflappable,unseemly,,,,
951,recalcitrant,,unforthcoming,unsparing,,,,
952,recant,,unimpeachable,untempered,,,,
953,recapitulated,,unnerve,upbraid,,,,
954,recidivist,,unprecedented,usury,,,,
955,reclusive,,unprepossessing,vacillate,,,,
956,recondite,,unpropitious,vanguard,,,,
957,recrudescent,,unruly,variegated,,,,
958,rectitude,,unscrupulous,venerate,,,,
959,redouble,,unseemly,veracity,,,,
960,redress,,unstinting,verbose,,,,
961,reductive,,untenable,verdant,,,,
962,redundant,,untoward,verisimilar,,,,
963,refracted,,untrammeled,vernal,,,,
964,refractory,,unviable,vestige,,,,
965,refulgent,,upbraid,vex,,,,
966,refute,,urbane,via,,,,
967,rejuvenated,,vacillate,viable,,,,
968,relinquish,,vacuous,vicissitude,,,,
969,relish,,vanquish,vim,,,,
970,remedial,,variance,vintage,,,,
971,reminiscent,,vaunted,virtual,,,,
972,remiss,,vehement,virulent,,,,
973,remunerated,,venality,viscid or viscous,,,,
974,renowned,,veneer,vitriol,,,,
975,repertoire,,venerate,vituperate,,,,
976,replete,,venial,vociferous,,,,
977,reprehensible,,veracious,volatile,,,,
978,reprobate,,verisimilitude,voluble,,,,
979,reprove,,veritable,wan,,,,
980,repudiate,,vicarious,wanton,,,,
981,repugnant,,vicissitude,warranted,,,,
982,requisite,,vie,wary,,,,
983,resigned,,vilify,welter,,,,
984,resilient,,vindicate,whereas,,,,
985,resolute,,vindictive,whet,,,,
986,resonant,,virago,whimsical,,,,
987,respite,,vitriol,whitewash,,,,
988,resplendent,,vitriolic,wily,,,,
989,restitution,,vituperate,winnow,,,,
990,restive,,vociferous,winsome,,,,
991,resurgence,,volubility,wizened,,,,
992,reticent,,voracious,xenophobia,,,,
993,retiring,,wanting,yoke,,,,
994,retrenchment,,wanton,zeal,,,,
995,retrospection,,wax,zenith,,,,
996,revamp,,whimsical,,,,,
997,revanche,,winsome,,,,,
998,reverberate,,zeitgeist,,,,,
999,reverent,,zenith,,,,,
1000,revile,,,,,,,
1001,revulsion,,,,,,,
1002,rhapsodize,,,,,,,
1003,rhetorical,,,,,,,
1004,rickety,,,,,,,
1005,rift,,,,,,,
1006,riposte,,,,,,,
1007,risible,,,,,,,
1008,risque,,,,,,,
1009,roborant,,,,,,,
1010,robust,,,,,,,
1011,rotund,,,,,,,
1012,row,,,,,,,
1013,rudimentary,,,,,,,
1014,ruffian,,,,,,,
1015,ruminate,,,,,,,
1016,saccharine,,,,,,,
1017,sacrosanct,,,,,,,
1018,salacious,,,,,,,
1019,salient,,,,,,,
1020,salubrious,,,,,,,
1021,salutary,,,,,,,
1022,sangfroid,,,,,,,
1023,sanguine,,,,,,,
1024,sap,,,,,,,
1025,sapid,,,,,,,
1026,sapient,,,,,,,
1027,sardonic,,,,,,,
1028,sashayed,,,,,,,
1029,satiated,,,,,,,
1030,scanty,,,,,,,
1031,scapegoat,,,,,,,
1032,scathing,,,,,,,
1033,schadenfreude,,,,,,,
1034,schism,,,,,,,
1035,scintillating,,,,,,,
1036,sclerotic,,,,,,,
1037,scofflaw,,,,,,,
1038,scotch,,,,,,,
1039,scrupulous,,,,,,,
1040,scrutinize,,,,,,,
1041,scuffle,,,,,,,
1042,scurrilous,,,,,,,
1043,scuttle,,,,,,,
1044,secretes,,,,,,,
1045,sectarian,,,,,,,
1046,secular,,,,,,,
1047,sedentary,,,,,,,
1048,sedulous,,,,,,,
1049,segue,,,,,,,
1050,self-styled,,,,,,,
1051,semblance,,,,,,,
1052,seminal,,,,,,,
1053,sententious,,,,,,,
1054,sentient,,,,,,,
1055,sequacious,,,,,,,
1056,sere,,,,,,,
1057,serendipity,,,,,,,
1058,servile,,,,,,,
1059,sham,,,,,,,
1060,shard,,,,,,,
1061,shelve,,,,,,,
1062,shirk,,,,,,,
1063,showy,,,,,,,
1064,shrewd,,,,,,,
1065,simper,,,,,,,
1066,simulacrum,,,,,,,
1067,sinuous,,,,,,,
1068,skittish,,,,,,,
1069,skulduggery,,,,,,,
1070,skulk,,,,,,,
1071,slake,,,,,,,
1072,slander,,,,,,,
1073,slatternly,,,,,,,
1074,slipshod,,,,,,,
1075,slothful,,,,,,,
1076,slovenly,,,,,,,
1077,sojourn,,,,,,,
1078,solecism,,,,,,,
1079,solicitous,,,,,,,
1080,solidarity,,,,,,,
1081,solipsistic,,,,,,,
1082,somnolent,,,,,,,
1083,sonorous,,,,,,,
1084,sophistry,,,,,,,
1085,sophomoric,,,,,,,
1086,soporific,,,,,,,
1087,sordid,,,,,,,
1088,soupcon,,,,,,,
1089,sovereign,,,,,,,
1090,sparing,,,,,,,
1091,sparse,,,,,,,
1092,specious,,,,,,,
1093,spendthrift,,,,,,,
1094,splenetic,,,,,,,
1095,spurious,,,,,,,
1096,squalid,,,,,,,
1097,squelch,,,,,,,
1098,stalwart,,,,,,,
1099,stanch,,,,,,,
1100,staple,,,,,,,
1101,statuesque,,,,,,,
1102,staunch,,,,,,,
1103,steadfast,,,,,,,
1104,stigmas,,,,,,,
1105,stilted,,,,,,,
1106,stolid,,,,,,,
1107,storied,,,,,,,
1108,stratagem,,,,,,,
1109,streamlined,,,,,,,
1110,strenuous,,,,,,,
1111,stricture,,,,,,,
1112,strident,,,,,,,
1113,stringent,,,,,,,
1114,stultify,,,,,,,
1115,stupefied,,,,,,,
1116,subjective,,,,,,,
1117,sublime,,,,,,,
1118,subsequent,,,,,,,
1119,subsidy,,,,,,,
1120,substantiate,,,,,,,
1121,subversive,,,,,,,
1122,subvert,,,,,,,
1123,succor,,,,,,,
1124,succumb,,,,,,,
1125,sullen,,,,,,,
1126,sumptuary,,,,,,,
1127,superficial,,,,,,,
1128,supplant,,,,,,,
1129,surly,,,,,,,
1130,surmise,,,,,,,
1131,surpassing,,,,,,,
1132,surreptitious,,,,,,,
1133,susceptible,,,,,,,
1134,swathe,,,,,,,
1135,sybarite,,,,,,,
1136,sycophant,,,,,,,
1137,synergy,,,,,,,
1138,synoptic,,,,,,,
1139,syntax,,,,,,,
1140,taciturn,,,,,,,
1141,tangible,,,,,,,
1142,taxonomic,,,,,,,
1143,temerity,,,,,,,
1144,temperance,,,,,,,
1145,tempestuous,,,,,,,
1146,temporal,,,,,,,
1147,tenable,,,,,,,
1148,tendentious,,,,,,,
1149,tensile,,,,,,,
1150,tenuous,,,,,,,
1151,tepid,,,,,,,
1152,terse,,,,,,,
1153,timorous,,,,,,,
1154,tirade,,,,,,,
1155,titular,,,,,,,
1156,tonic,,,,,,,
1157,toothsome,,,,,,,
1158,torpid,,,,,,,
1159,tortuous,,,,,,,
1160,totalitarian,,,,,,,
1161,touted,,,,,,,
1162,tranquil,,,,,,,
1163,transgression,,,,,,,
1164,transitory,,,,,,,
1165,treacly,,,,,,,
1166,tremulous,,,,,,,
1167,trepidation,,,,,,,
1168,trifling,,,,,,,
1169,truculent,,,,,,,
1170,truncated,,,,,,,
1171,tumid,,,,,,,
1172,tumultuous,,,,,,,
1173,turbid,,,,,,,
1174,turgid,,,,,,,
1175,turpitude,,,,,,,
1176,ubiquitous,,,,,,,
1177,umbrage,,,,,,,
1178,unadorned,,,,,,,
1179,unassuming,,,,,,,
1180,unbridled,,,,,,,
1181,unconscionable,,,,,,,
1182,unconventional,,,,,,,
1183,unctuous,,,,,,,
1184,uncultivated,,,,,,,
1185,undermine,,,,,,,
1186,underscore,,,,,,,
1187,understated,,,,,,,
1188,undulate,,,,,,,
1189,uniform,,,,,,,
1190,unkempt,,,,,,,
1191,unpretentiousness,,,,,,,
1192,unpropitious,,,,,,,
1193,unruly,,,,,,,
1194,unsavory,,,,,,,
1195,untenable,,,,,,,
1196,untoward,,,,,,,
1197,unwieldy,,,,,,,
1198,upbraided,,,,,,,
1199,urbane,,,,,,,
1200,usurious,,,,,,,
1201,usurp,,,,,,,
1202,utilitarian,,,,,,,
1203,utopian,,,,,,,
1204,vacuous,,,,,,,
1205,vainglorious,,,,,,,
1206,vanquished,,,,,,,
1207,vapid,,,,,,,
1208,variegated,,,,,,,
1209,vaunted,,,,,,,
1210,vehement,,,,,,,
1211,venal,,,,,,,
1212,veracious,,,,,,,
1213,verbose,,,,,,,
1214,verboten,,,,,,,
1215,verisimilar,,,,,,,
1216,vernacular,,,,,,,
1217,vertiginous,,,,,,,
1218,vestige,,,,,,,
1219,vex,,,,,,,
1220,vicarious,,,,,,,
1221,vigilant,,,,,,,
1222,vilify,,,,,,,
1223,vindicate,,,,,,,
1224,vindictive,,,,,,,
1225,virtuoso,,,,,,,
1226,virulent,,,,,,,
1227,viscous,,,,,,,
1228,vitiate,,,,,,,
1229,vitriolic,,,,,,,
1230,vituperated,,,,,,,
1231,vivacious,,,,,,,
1232,vocation,,,,,,,
1233,vociferous,,,,,,,
1234,volatile,,,,,,,
1235,volition,,,,,,,
1236,voluminous,,,,,,,
1237,voracious,,,,,,,
1238,voyeur,,,,,,,
1239,waffle,,,,,,,
1240,wan,,,,,,,
1241,wane,,,,,,,
1242,wanting,,,,,,,
1243,waspish,,,,,,,
1244,watershed,,,,,,,
1245,wax,,,,,,,
1246,welter,,,,,,,
1247,whet,,,,,,,
1248,whimsical,,,,,,,
1249,willful,,,,,,,
1250,wily,,,,,,,
1251,winnow,,,,,,,
1252,winsome,,,,,,,
1253,wistful,,,,,,,
1254,wizened,,,,,,,
1255,wont,,,,,,,
1256,woo,,,,,,,
1257,workmanlike,,,,,,,
1258,worldly,,,,,,,
1259,wrongheaded,,,,,,,
1260,wry,,,,,,,
1261,zealous,,,,,,,
1262,zenith,,,,,,,
1263,zephyr,,,,,,,